meanDcrSynth,meanDcrHoldout,ks,pValue,verdict
9.733990751494916,4.996161817053697,0.6975331072351422,6.224038492383853e-72,AN TOÀN
